Package name,Version,Description,Dependencies,Exported modules,Categories
abstract-curry,1.0.0,Libraries to deal with AbstractCurry programs,[],"[""AbstractCurry.Build"",""AbstractCurry.Files"",""AbstractCurry.Pretty"",""AbstractCurry.Select"",""AbstractCurry.Transform"",""AbstractCurry.Types""]","[""Metaprogramming""]"
abstract-curry,2.0.0,Libraries to deal with AbstractCurry programs,"[""base"",""currypath"",""frontend-exec"",""wl-pprint""]","[""AbstractCurry.Build"",""AbstractCurry.Files"",""AbstractCurry.Pretty"",""AbstractCurry.Select"",""AbstractCurry.Transform"",""AbstractCurry.Types""]","[""Metaprogramming""]"
abstract-curry,3.0.0,Libraries to deal with AbstractCurry programs,"[""base"",""currypath"",""filepath"",""directory"",""frontend-exec"",""wl-pprint"",""read-legacy""]","[""AbstractCurry.Build"",""AbstractCurry.Files"",""AbstractCurry.Pretty"",""AbstractCurry.Select"",""AbstractCurry.Transform"",""AbstractCurry.Types""]","[""Metaprogramming""]"
abstract-haskell,2.0.0,Libraries to represent Haskell programs in Curry,"[""wl-pprint""]","[""AbstractHaskell.Types"",""AbstractHaskell.Goodies"",""AbstractHaskell.Printer""]","[""Programming""]"
abstract-haskell,3.0.0,Libraries to represent Haskell programs in Curry,"[""base"",""wl-pprint""]","[""AbstractHaskell.Types"",""AbstractHaskell.Goodies"",""AbstractHaskell.Printer""]","[""Programming""]"
addtypes,0.0.1,"This package contains a tool which adds missing type signatures to top-level operations in a Curry module. Moreover, it contains a library to process strings containing Curry source code and classifies it into a few standard categories","[""abstract-curry""]","[""AddTypes"",""CurryStringClassifier""]","[""Programming""]"
addtypes,2.0.0,"This package contains a tool which adds missing type signatures to top-level operations in a Curry module. Moreover, it contains a library to process strings containing Curry source code and classifies it into a few standard categories","[""abstract-curry"",""base"",""currypath"",""searchtree"",""wl-pprint""]","[""AddTypes"",""CurryStringClassifier""]","[""Programming""]"
addtypes,3.0.0,"This package contains a tool which adds missing type signatures to top-level operations in a Curry module. Moreover, it contains a library to process strings containing Curry source code and classifies it into a few standard categories","[""base"",""abstract-curry"",""allvalues"",""currypath"",""process"",""transformers"",""wl-pprint""]","[""AddTypes"",""CurryStringClassifier""]","[""Programming""]"
allvalues,3.0.0,Libraries with operations to strongly encapsulate non-deterministic computations,"[""base"",""searchtree""]","[""Control.AllValues""]","[""Logic"",""Programming""]"
ansi-terminal,0.0.1,Library supporting formatted output on terminals,"[""base""]","[""System.Console.ANSI.Codes""]","[""System"",""User Interface""]"
ansi-terminal,3.0.0,Library supporting formatted output on terminals,"[""base""]","[""System.Console.ANSI.Codes""]","[""System"",""User Interface""]"
array,0.0.1,An implementation of arrays with Braun trees.,"[""base"",""random""]","[""Data.Array""]","[""Data""]"
array,3.0.0,An implementation of arrays with Braun trees.,"[""base"",""random""]","[""Data.Array""]","[""Data""]"
assoc-legacy,1.0.0,Library to deal with a global association between strings,"[""base""]","[""Data.Assoc""]","[""Data""]"
base,1.0.0,This package contains the base libraries which are directly distributed with specific versions of the Curry systems PAKCS and KiCS2.,[],[],"[""Programming""]"
base,1.1.0,This package contains the base libraries which are directly distributed with specific versions of the Curry systems PAKCS and KiCS2.,[],[],"[""Programming""]"
base,3.0.0,This package contains the base libraries which are directly distributed with Curry systems like PAKCS or KiCS2.,[],[],"[""Programming""]"
base,3.1.0,This package contains the base libraries which are directly distributed with Curry systems like PAKCS or KiCS2.,[],[],"[""Programming""]"
benchmark-papers,0.0.1,A tool to support executable benchmark papers,[],"[""Benchmarks"",""BenchmarkGoodies""]","[""Programming"",""Testing""]"
benchmark-papers,2.0.0,A tool to support executable benchmark papers,"[""base"",""profiling""]","[""Test.Benchmark"",""Test.Benchmark.Goodies""]","[""Programming"",""Testing""]"
benchmark-papers,3.0.0,A tool to support executable benchmark papers,"[""base"",""directory"",""filepath"",""io-extra"",""process"",""profiling"",""time""]","[""Test.Benchmark"",""Test.Benchmark.Goodies""]","[""Programming"",""Testing""]"
bindata,1.0.0,Library to support reading/writing binary data,[],"[""BinaryFile""]","[""Data""]"
bindata,1.1.0,Library to support reading/writing binary data,"[""base""]","[""BinaryFile""]","[""Data""]"
bindata,1.2.0,Library to support reading/writing binary data,"[""base""]","[""BinaryFile""]","[""Data""]"
bindata,3.0.0,Library to support reading/writing binary data,"[""base"",""process""]","[""System.IO.BinaryFile""]","[""Data""]"
binint,0.0.1,"This package contains libraries with data types for a binary representation of natural and integer numbers. The advantage of this algebraic definition in contrast to built-in integers is the possibility to use them also for narrowing, i.e., functional logic programming. Since the operations are also quite efficient compared to a simple Peano representations, this library is also the basis of the implementation of integers in the Curry implementation KiCS2.",[],"[""BinInt"",""ConvertBinInt""]","[""Data"",""Numeric""]"
binint,2.0.0,"This package contains libraries with data types for a binary representation of natural and integer numbers. The advantage of this algebraic definition in contrast to built-in integers is the possibility to use them also for narrowing, i.e., functional logic programming. Since the operations are also quite efficient compared to a simple Peano representations, this library is also the basis of the implementation of integers in the Curry implementation KiCS2.",[],"[""BinInt"",""ConvertBinInt""]","[""Data"",""Numeric""]"
binint,3.0.0,"This package contains libraries with data types for a binary representation of natural and integer numbers. The advantage of this algebraic definition in contrast to built-in integers is the possibility to use them also for narrowing, i.e., functional logic programming. Since the operations are also quite efficient compared to a simple Peano representations, this library is also the basis of the implementation of integers in the Curry implementation KiCS2.","[""base""]","[""Data.BinInt"",""Data.BinIntConvert""]","[""Data"",""Numeric""]"
boxes,0.0.1,A pretty printer for boxes,[],"[""Boxes""]","[""Printing""]"
boxes,0.0.2,A pretty printer for boxes,[],"[""Boxes""]","[""Printing""]"
boxes,2.0.0,A pretty printer for boxes,[],"[""Boxes""]","[""Printing""]"
boxes,3.0.0,A pretty printer for boxes,"[""base""]","[""Boxes""]","[""Printing""]"
bpmn2bpel,0.0.1,Libraries to support a bi-directional transformation between BPMN and BPEL,[],"[""BPMN2BPEL"",""BPMNParser"",""Grappa""]","[""Data""]"
bpmn2bpel,0.1.0,Libraries to support a bi-directional transformation between BPMN and BPEL,"[""base"",""searchtree""]","[""BPMN2BPEL"",""BPMNParser"",""Grappa""]","[""Data""]"
bpmn2bpel,3.0.0,Libraries to support a bi-directional transformation between BPMN and BPEL,"[""base"",""allvalues""]","[""BPMN2BPEL"",""BPMNParser"",""Grappa""]","[""Data""]"
call-analysis,0.0.1,A call-pattern analysis and transformation tool to improve lazy non-deterministic computations,"[""flatcurry""]",[],"[""Analysis"",""Optimization""]"
call-analysis,2.0.0,A call-pattern analysis and transformation tool to improve lazy non-deterministic computations,"[""base"",""flatcurry"",""profiling"",""redblacktree"",""setfunctions""]",[],"[""Analysis"",""Optimization""]"
call-analysis,3.0.0,A call-pattern analysis and transformation tool to improve lazy non-deterministic computations,"[""base"",""directory"",""flatcurry"",""filepath"",""profiling"",""redblacktree"",""setfunctions"",""showflatcurry""]",[],"[""Analysis"",""Optimization""]"
casc,0.0.1,A tool to check the formatting style of Curry programs,[],[],"[""Analysis""]"
casc,2.0.0,A tool to check the formatting style of Curry programs,"[""base"",""ansi-terminal"",""currypath"",""frontend-exec"",""wl-pprint""]",[],"[""Analysis""]"
cass,0.0.1,"CASS: the Curry Analysis Server System","[""cass-analysis"",""flatcurry"",""xml""]",[],"[""Analysis""]"
cass,2.0.0,"CASS: the Curry Analysis Server System","[""base"",""cass-analysis"",""currypath"",""finite-map"",""flatcurry"",""propertyfile"",""redblacktree"",""scc"",""socket"",""xml""]",[],"[""Analysis""]"
cass,3.0.0,"CASS: the Curry Analysis Server System","[""base"",""cass-analysis"",""containers"",""currypath"",""directory"",""filepath"",""flatcurry"",""io-extra"",""process"",""propertyfile"",""redblacktree"",""scc"",""socket"",""xml""]",[],"[""Analysis""]"
cass,3.0.1,"CASS: the Curry Analysis Server System","[""base"",""cass-analysis"",""containers"",""currypath"",""directory"",""filepath"",""flatcurry"",""io-extra"",""process"",""propertyfile"",""redblacktree"",""scc"",""socket"",""time"",""xml""]",[],"[""Analysis""]"
cass-analysis,0.0.1,Libraries with various compile-time analyses for Curry,[],[],"[""Analysis""]"
cass-analysis,0.0.2,Libraries with various compile-time analyses for Curry,[],[],"[""Analysis""]"
cass-analysis,0.0.3,Libraries with various compile-time analyses for Curry,[],[],"[""Analysis""]"
cass-analysis,0.0.4,Libraries with various compile-time analyses for Curry,"[""flatcurry""]",[],"[""Analysis""]"
cass-analysis,2.0.0,Libraries with various compile-time analyses for Curry,"[""base"",""currypath"",""finite-map"",""flatcurry"",""scc""]",[],"[""Analysis""]"
cass-analysis,3.0.0,Libraries with various compile-time analyses for Curry,"[""base"",""currypath"",""containers"",""directory"",""filepath"",""flatcurry"",""scc"",""xml""]",[],"[""Analysis""]"
cass-analysis,3.0.1,Libraries with various compile-time analyses for Curry,"[""base"",""currypath"",""containers"",""directory"",""filepath"",""flatcurry"",""scc"",""time"",""xml""]",[],"[""Analysis""]"
ccti,0.0.1,This package provides a tool for the automatic generation of test cases for Curry programs via concolic testing.,"[""base"",""currypath"",""finite-map"",""flatcurry"",""flatcurry-annotated"",""frontend-exec"",""wl-pprint"",""smtlib"",""smtlib-solver""]",[],"[""Testing""]"
cdbi,1.0.0,Libraries for type-safe database programming,"[""csv""]","[""Database.ERD"",""Database.CDBI.Connection"",""Database.CDBI.Criteria"",""Database.CDBI.Description"",""Database.CDBI.ER"",""Database.CDBI.QueryTypes""]","[""Database""]"
cdbi,1.1.0,Libraries for type-safe database programming,"[""csv""]","[""Database.ERD"",""Database.CDBI.Connection"",""Database.CDBI.Criteria"",""Database.CDBI.Description"",""Database.CDBI.ER"",""Database.CDBI.QueryTypes""]","[""Database""]"
cdbi,2.0.0,Libraries for type-safe database programming,"[""base"",""csv""]","[""Database.ERD"",""Database.CDBI.Connection"",""Database.CDBI.Criteria"",""Database.CDBI.Description"",""Database.CDBI.ER"",""Database.CDBI.QueryTypes""]","[""Database""]"
cdbi,3.0.0,Libraries for type-safe database programming,"[""base"",""csv"",""directory"",""filepath"",""global"",""io-extra"",""process"",""read-legacy"",""time""]","[""Database.ERD"",""Database.CDBI.Connection"",""Database.CDBI.Criteria"",""Database.CDBI.Description"",""Database.CDBI.ER"",""Database.CDBI.QueryTypes""]","[""Database""]"
cdbi,3.1.0,Libraries for type-safe database programming,"[""base"",""csv"",""directory"",""filepath"",""global"",""io-extra"",""process"",""read-legacy"",""time""]","[""Database.ERD"",""Database.CDBI.Connection"",""Database.CDBI.Criteria"",""Database.CDBI.Description"",""Database.CDBI.ER"",""Database.CDBI.QueryTypes""]","[""Database""]"
cdbi,3.2.0,Libraries for type-safe database programming,"[""base"",""csv"",""directory"",""filepath"",""global"",""io-extra"",""process"",""read-legacy"",""time""]","[""Database.ERD"",""Database.CDBI.Connection"",""Database.CDBI.Criteria"",""Database.CDBI.Description"",""Database.CDBI.ER"",""Database.CDBI.QueryTypes""]","[""Database""]"
chr-curry,0.0.1,This library an implementation of Constraints Handling Rules in Curry.,[],"[""CHR""]","[""Constraints""]"
chr-curry,1.0.0,This library an implementation of Constraints Handling Rules in Curry.,"[""flatcurry"",""prolog"",""xml""]","[""CHR""]","[""Constraints""]"
chr-curry,2.0.0,This library an implementation of Constraints Handling Rules in Curry.,"[""base"",""flatcurry"",""prolog"",""redblacktree"",""searchtree"",""wl-pprint"",""xml""]","[""CHR""]","[""Constraints""]"
chr-curry,2.1.0,This package provides an implementation of Constraint Handling Rules in Curry.,"[""base"",""flatcurry"",""prolog"",""redblacktree"",""searchtree"",""wl-pprint"",""xml""]","[""CHR""]","[""Constraints""]"
chr-curry,3.0.0,This package provides an implementation of Constraint Handling Rules in Curry.,"[""base"",""flatcurry"",""prolog"",""redblacktree"",""searchtree"",""wl-pprint"",""xml""]","[""CHR""]","[""Constraints""]"
clp-pakcs,1.0.0,CLP libraries for PAKCS,"[""base"",""searchtree""]","[""CLP.FD"",""CLP.R""]","[""Constraints""]"
clp-pakcs,1.1.0,CLP libraries for PAKCS,"[""base"",""searchtree""]","[""CLP.FD"",""CLP.R""]","[""Constraints""]"
clp-pakcs,3.0.0,CLP libraries for PAKCS,"[""base"",""searchtree""]","[""CLP.FD"",""CLP.R""]","[""Constraints""]"
clpbool,0.0.1,A library with a Boolean Constraint Solver based on BDDs.,[],"[""CLPB""]","[""Constraints""]"
clpbool,2.0.0,A library with a Boolean Constraint Solver based on BDDs.,[],"[""CLPB""]","[""Constraints""]"
clpbool,2.1.0,A library with a Boolean Constraint Solver based on BDDs.,"[""base""]","[""CLPB""]","[""Constraints""]"
clpfd-smt,0.0.1,Libraries for finite-domain constraints implemented with SMT/SAT,[],[],"[""Constraints""]"
clpfd-smt,0.0.2,Libraries for finite-domain constraints implemented with SMT/SAT,"[""dimacs"",""fl-parser""]",[],"[""Constraints""]"
combinatorial,1.0.0,A collection of common non-deterministic and/or combinatorial operations,"[""base"",""setfunctions""]","[""Combinatorial""]","[""Logic""]"
combinatorial,3.0.0,A collection of common non-deterministic and/or combinatorial operations,"[""base"",""setfunctions""]","[""Combinatorial""]","[""Logic""]"
containers,3.0.0,Library implementing various datastructures,"[""base"",""random""]","[""Data.Map"",""Data.Set""]","[""Data""]"
contract-prover,0.0.1,A tool to optimize contracts in FlatCurry programs by proving contracts,"[""flatcurry"",""flatcurry-annotated"",""showflatcurry""]",[],"[""Optimization"",""Verification""]"
contract-prover,1.0.0,A tool to verify contracts in FlatCurry programs,"[""base"",""contracts"",""currypath"",""finite-map"",""flatcurry"",""flatcurry-annotated"",""showflatcurry"",""wl-pprint""]",[],"[""Optimization"",""Verification""]"
contract-prover,3.0.0,A tool to verify contracts in FlatCurry programs,"[""base"",""containers"",""contracts"",""currypath"",""directory"",""filepath"",""flatcurry"",""flatcurry-annotated"",""flatcurry-type-annotated"",""io-extra"",""process"",""read-legacy"",""showflatcurry"",""transformers"",""wl-pprint""]",[],"[""Optimization"",""Verification""]"
contracts,0.0.1,Some auxiliaries used by various Curry tools to check contracts,"[""base"",""flatcurry"",""setfunctions""]","[""Contract.Names"",""Contract.Usage"",""Test.Contract""]","[""Programming"",""Testing""]"
contracts,3.0.0,Some auxiliaries used by various Curry tools to check contracts,"[""base"",""flatcurry"",""setfunctions""]","[""Contract.Names"",""Contract.Usage"",""Test.Contract""]","[""Programming"",""Testing""]"
coosy,1.0.0,A tool to observe functional logic computations,"[""abstract-curry"",""gui""]","[""Observe""]","[""Debugging""]"
coosy,2.0.0,A tool to observe functional logic computations,"[""base"",""abstract-curry"",""gui"",""searchtree""]","[""Observe""]","[""Debugging""]"
coosy,3.0.0,A tool to observe functional logic computations,"[""base"",""abstract-curry"",""currypath"",""directory"",""filepath"",""global"",""gui"",""process"",""allvalues""]","[""Observe""]","[""Debugging""]"
cpc,0.0.1,Curry Program Coverage tool,"[""abstract-curry"",""html""]",[],"[""Programming""]"
cpm,0.0.1,"Curry Package Manager: a tool to distribute and install Curry libraries and applications","[""det-parse"",""opt-parse"",""boxes"",""json""]",[],"[""Package""]"
cpm,0.0.2,"Curry Package Manager: a tool to distribute and install Curry libraries and applications","[""det-parse"",""opt-parse"",""boxes"",""json""]",[],"[""Package""]"
cpm,0.0.3,"Curry Package Manager: a tool to distribute and install Curry libraries and applications","[""det-parse"",""opt-parse"",""boxes"",""json"",""cass-analysis"",""cass""]",[],"[""Package""]"
cpm,0.0.4,"Curry Package Manager: a tool to distribute and install Curry libraries and applications","[""det-parse"",""opt-parse"",""boxes"",""json"",""cass-analysis"",""cass""]",[],"[""Packaging"",""Programming""]"
cpm,0.1.0,"Curry Package Manager: a tool to distribute and install Curry libraries and applications","[""det-parse"",""opt-parse"",""boxes"",""json"",""cass-analysis"",""cass""]",[],"[""Packaging"",""Programming""]"
cpm,0.1.1,"Curry Package Manager: a tool to distribute and install Curry libraries and applications","[""det-parse"",""opt-parse"",""boxes"",""json"",""cass-analysis"",""cass""]",[],"[""Packaging"",""Programming""]"
cpm,0.2.0,"Curry Package Manager: a tool to distribute and install Curry libraries and applications","[""det-parse"",""opt-parse"",""boxes"",""json"",""cass-analysis"",""cass""]",[],"[""Packaging"",""Programming""]"
cpm,0.2.1,"Curry Package Manager: a tool to distribute and install Curry libraries and applications","[""det-parse"",""opt-parse"",""boxes"",""json"",""cass-analysis"",""cass""]",[],"[""Packaging"",""Programming""]"
cpm,0.2.2,"Curry Package Manager: a tool to distribute and install Curry libraries and applications","[""abstract-curry"",""det-parse"",""opt-parse"",""boxes"",""json"",""cass-analysis"",""cass"",""flatcurry""]",[],"[""Packaging"",""Programming""]"
cpm,0.2.3,"Curry Package Manager: a tool to distribute and install Curry libraries and applications","[""abstract-curry"",""det-parse"",""opt-parse"",""boxes"",""json"",""cass-analysis"",""cass"",""flatcurry""]",[],"[""Packaging"",""Programming""]"
cpm,1.0.0,"Curry Package Manager: a tool to distribute and install Curry libraries and applications","[""abstract-curry"",""cdbi"",""csv"",""det-parse"",""opt-parse"",""boxes"",""json"",""cass-analysis"",""cass"",""flatcurry""]",[],"[""Packaging"",""Programming""]"
cpm,2.0.0,"Curry Package Manager: a tool to distribute and install Curry libraries and applications","[""base"",""abstract-curry"",""det-parse"",""opt-parse"",""boxes"",""json"",""cass-analysis"",""cass"",""csv"",""flatcurry"",""wl-pprint""]",[],"[""Packaging"",""Programming""]"
cpm,2.1.0,"Curry Package Manager: a tool to distribute and install Curry libraries and applications","[""base"",""abstract-curry"",""cdbi"",""det-parse"",""execpath"",""frontend-exec"",""opt-parse"",""boxes"",""json"",""cass-analysis"",""cass"",""csv"",""flatcurry"",""wl-pprint""]",[],"[""Packaging"",""Programming""]"
cpm,2.1.1,"Curry Package Manager: a tool to distribute and install Curry libraries and applications","[""base"",""abstract-curry"",""boxes"",""cass-analysis"",""cass"",""cdbi"",""csv"",""currypath"",""det-parse"",""execpath"",""flatcurry"",""frontend-exec"",""json"",""opt-parse"",""profiling"",""propertyfile"",""redblacktree"",""wl-pprint""]",[],"[""Packaging"",""Programming""]"
cpm,2.2.0,"Curry Package Manager: a tool to distribute and install Curry libraries and applications","[""base"",""abstract-curry"",""boxes"",""cass-analysis"",""cass"",""cdbi"",""csv"",""currypath"",""det-parse"",""execpath"",""flatcurry"",""frontend-exec"",""json"",""opt-parse"",""profiling"",""propertyfile"",""redblacktree"",""wl-pprint""]",[],"[""Packaging"",""Programming""]"
cpm,3.0.0,"Curry Package Manager: a tool to distribute and install Curry libraries and applications","[""base"",""abstract-curry"",""boxes"",""cass-analysis"",""cass"",""cdbi"",""csv"",""currypath"",""det-parse"",""execpath"",""flatcurry"",""frontend-exec"",""graphviz"",""io-extra"",""json"",""opt-parse"",""process"",""profiling"",""propertyfile"",""read-legacy"",""redblacktree"",""time"",""wl-pprint""]",[],"[""Packaging"",""Programming""]"
cpm,3.1.0,"Curry Package Manager: a tool to distribute and install Curry libraries and applications","[""base"",""abstract-curry"",""boxes"",""cass-analysis"",""cass"",""cdbi"",""csv"",""curry-resources"",""currypath"",""det-parse"",""directory"",""execpath"",""filepath"",""flatcurry"",""frontend-exec"",""graphviz"",""io-extra"",""json"",""opt-parse"",""process"",""profiling"",""propertyfile"",""read-legacy"",""redblacktree"",""time"",""wl-pprint""]",[],"[""Packaging"",""Programming""]"
cpm-manage,0.0.1,Tools to manage the main repository of the Curry Package Manager,"[""cpm""]","[""Manage""]","[""Package""]"
cpm-manage,0.0.2,Tools to manage the main repository of the Curry Package Manager,"[""cpm""]","[""Manage""]","[""Packaging""]"
cpm-manage,0.0.3,Tools to manage the main repository of the Curry Package Manager,"[""cpm"",""graphviz"",""html""]","[""CPM.Manage""]","[""Packaging""]"
cpm-manage,2.0.0,Tools to manage the main repository of the Curry Package Manager,"[""cpm"",""graphviz"",""html""]","[""CPM.Manage""]","[""Packaging""]"
cpm-manage,2.1.0,Tools to manage the main repository of the Curry Package Manager,"[""base"",""cpm"",""csv"",""graphviz"",""html2""]","[""CPM.Manage""]","[""Packaging""]"
cpm-manage,2.2.0,Tools to manage the main repository of the Curry Package Manager,"[""base"",""cpm"",""csv"",""graphviz"",""html2""]","[""CPM.Manage""]","[""Packaging""]"
cpm-manage,3.0.0,Tools to manage the main repository of the Curry Package Manager,"[""base"",""cpm"",""csv"",""curry-resources"",""currypath"",""directory"",""filepath"",""graphviz"",""html2"",""io-extra"",""process"",""time""]","[""CPM.Manage""]","[""Packaging""]"
cpns,0.0.1,Curry port name server and sockets with symbolic names,"[""base"",""profiling"",""socket""]","[""Network.CPNS"",""Network.NamedSocket""]","[""Network""]"
cpns,3.0.0,Curry port name server and sockets with symbolic names,"[""base"",""directory"",""filepath"",""profiling"",""process"",""socket"",""time""]","[""Network.CPNS"",""Network.NamedSocket""]","[""Network""]"
cryptohash,0.0.1,Library for simple cryptography hashing,"[""base"",""random""]","[""Crypto.Hash""]","[""System""]"
cryptohash,3.0.0,Library for simple cryptography hashing,"[""base"",""io-extra"",""random""]","[""Crypto.Hash""]","[""System""]"
csv,1.0.0,Library for reading/writing files in CSV format,[],"[""Text.CSV""]","[""Data"",""Parsing""]"
csv,3.0.0,Library for reading/writing files in CSV format,"[""base""]","[""Text.CSV""]","[""Data"",""Parsing""]"
curry-ast,2.0.0,Libaries to represent Curry programs,"[""base"",""currypath"",""frontend-exec""]","[""Curry.Types"",""Curry.Files"",""Curry.Ident"",""Curry.Position"",""Curry.Span"",""Curry.SpanInfo""]","[""Metaprogramming""]"
curry-ast,2.1.0,Libaries to represent Curry programs,"[""base"",""currypath"",""frontend-exec""]","[""Curry.Types"",""Curry.Files"",""Curry.Ident"",""Curry.Position"",""Curry.Span"",""Curry.SpanInfo""]","[""Metaprogramming""]"
curry-ast,2.2.0,Libaries to represent Curry programs,"[""base"",""currypath"",""frontend-exec""]","[""Curry.Types"",""Curry.Files"",""Curry.Ident"",""Curry.Position"",""Curry.Span"",""Curry.SpanInfo""]","[""Metaprogramming""]"
curry-repl,0.0.1,A universal REPL which can be used on top of a Curry compiler,"[""base"",""abstract-curry"",""currypath"",""directory"",""filepath"",""frontend-exec"",""io-extra"",""process"",""propertyfile""]","[""REPL.Main"",""REPL.Compiler""]","[""Programming""]"
curry-repl,1.0.0,A universal REPL which can be used on top of a Curry compiler,"[""base"",""abstract-curry"",""currypath"",""directory"",""filepath"",""frontend-exec"",""io-extra"",""process"",""propertyfile""]","[""REPL.Main"",""REPL.Compiler""]","[""Programming""]"
curry-repl,1.1.0,A universal REPL which can be used on top of a Curry compiler,"[""base"",""abstract-curry"",""currypath"",""directory"",""filepath"",""frontend-exec"",""io-extra"",""process"",""propertyfile""]","[""REPL.Main"",""REPL.Compiler""]","[""Programming""]"
curry-repl,1.1.1,A universal REPL which can be used on top of a Curry compiler,"[""base"",""abstract-curry"",""currypath"",""directory"",""filepath"",""frontend-exec"",""io-extra"",""process"",""propertyfile""]","[""REPL.Main"",""REPL.Compiler""]","[""Programming""]"
curry-resources,1.0.0,Library defining various URLs related to Curry,"[""base""]","[""Language.Curry.Resources""]","[""Documentation""]"
curry-source,1.0.0,Libraries to support the checking of Curry source code,"[""base"",""abstract-curry"",""flatcurry"",""setfunctions""]",[],"[""Analysis""]"
curry2js,0.2.0,A compiler for Curry into JavaScript programs used in WUIs.,"[""flatcurry"",""javascript""]",[],"[""Web""]"
curry2js,2.0.0,A compiler for Curry into JavaScript programs used in WUIs.,"[""flatcurry"",""javascript""]",[],"[""Web""]"
currybrowse,0.5.0,A GUI to browse and analyze the modules of a Curry program,"[""addtypes"",""cass-analysis"",""cass"",""flatcurry"",""graphviz"",""gui"",""importusage"",""showflatcurry""]",[],"[""Analysis""]"
currybrowse,2.0.0,A GUI to browse and analyze the modules of a Curry program,"[""addtypes"",""base"",""cass-analysis"",""cass"",""currypath"",""flatcurry"",""graphviz"",""importusage"",""redblacktree"",""showflatcurry"",""gui""]",[],"[""Analysis""]"
currybrowse,3.0.0,A GUI to browse and analyze the modules of a Curry program,"[""base"",""addtypes"",""cass-analysis"",""cass"",""currypath"",""directory"",""filepath"",""flatcurry"",""graphviz"",""gui"",""importusage"",""redblacktree"",""showflatcurry"",""time""]",[],"[""Analysis""]"
currycheck,1.0.0,A tool to support automatic testing of Curry programs,[],[],"[""Testing""]"
currycheck,1.0.1,A tool to support automatic testing of Curry programs,"[""abstract-curry"",""flatcurry"",""rewriting""]",[],"[""Testing""]"
currycheck,1.1.0,A tool to support automatic testing of Curry programs,"[""abstract-curry"",""flatcurry"",""rewriting""]",[],"[""Testing""]"
currycheck,2.0.0,A tool to support automatic testing of Curry programs,"[""base"",""abstract-curry"",""ansi-terminal"",""cass-analysis"",""cass"",""contracts"",""csv"",""currypath"",""easycheck"",""flatcurry"",""frontend-exec"",""profiling"",""rewriting"",""setfunctions"",""wl-pprint""]",[],"[""Testing""]"
currycheck,3.0.0,A tool to support automatic testing of Curry programs,"[""base"",""abstract-curry"",""ansi-terminal"",""cass-analysis"",""cass"",""containers"",""contracts"",""csv"",""currypath"",""directory"",""easycheck"",""filepath"",""flatcurry"",""frontend-exec"",""process"",""profiling"",""rewriting"",""setfunctions"",""wl-pprint""]",[],"[""Testing""]"
currydoc,0.8.2,A documentation generator for Curry,"[""cass-analysis"",""cass""]",[],"[""Documentation"",""Analysis""]"
currydoc,0.8.3,A documentation generator for Curry,"[""abstract-curry"",""cass-analysis"",""cass"",""flatcurry"",""html"",""markdown""]",[],"[""Documentation"",""Analysis""]"
currydoc,2.0.0,A documentation generator for Curry,"[""abstract-curry"",""base"",""currypath"",""cass-analysis"",""cass"",""flatcurry"",""frontend-exec"",""html"",""markdown"",""wl-pprint""]",[],"[""Documentation"",""Analysis""]"
currydoc,3.0.0,A documentation generator for Curry,"[""base"",""abstract-curry"",""cass-analysis"",""cass"",""flatcurry"",""html2"",""markdown"",""wl-pprint""]",[],"[""Documentation"",""Analysis""]"
currydoc,3.1.0,A documentation generator for Curry,"[""base"",""abstract-curry"",""cass-analysis"",""cass"",""curry-resources"",""flatcurry"",""html2"",""markdown"",""wl-pprint""]",[],"[""Documentation"",""Analysis""]"
currypath,0.0.1,Operations to deal with Curry module names and paths,"[""base"",""propertyfile""]","[""System.CurryPath""]","[""System""]"
currypath,3.0.0,Operations to deal with Curry module names and paths,"[""base"",""directory"",""filepath"",""propertyfile""]","[""System.CurryPath""]","[""System""]"
currypp,0.3.0,The standard preprocessor of Curry,"[""cass-analysis"",""cass"",""currycheck"",""verify""]","[""Main""]","[""Analysis""]"
currypp,0.3.1,The standard preprocessor of Curry,"[""cass-analysis"",""cass"",""currycheck"",""verify""]","[""Main""]","[""Analysis""]"
currypp,0.3.2,The standard preprocessor of Curry,"[""abstract-curry"",""cass-analysis"",""cass"",""cdbi"",""currycheck"",""html"",""xml""]","[""Main""]","[""Analysis""]"
currypp,2.0.0,The standard preprocessor of Curry,"[""base"",""abstract-curry"",""cass-analysis"",""cass"",""cdbi"",""contracts"",""currycheck"",""currypath"",""finite-map"",""fl-parser"",""flatcurry"",""html"",""printf"",""regexp"",""searchtree"",""setfunctions"",""wl-pprint"",""xml"",""easycheck""]","[""Main""]","[""Programming"",""Analysis""]"
currypp,2.1.0,The standard preprocessor of Curry,"[""base"",""abstract-curry"",""cass-analysis"",""cass"",""cdbi"",""contracts"",""currycheck"",""currypath"",""finite-map"",""fl-parser"",""flatcurry"",""frontend-exec"",""html2"",""printf"",""regexp"",""searchtree"",""setfunctions"",""wl-pprint"",""xml"",""easycheck""]","[""Main""]","[""Programming"",""Analysis""]"
currypp,3.0.0,The standard preprocessor of Curry,"[""base"",""abstract-curry"",""allvalues"",""cass-analysis"",""cass"",""cdbi"",""containers"",""contracts"",""currycheck"",""currypath"",""directory"",""filepath"",""fl-parser"",""flatcurry"",""frontend-exec"",""html2"",""process"",""printf"",""regexp"",""setfunctions"",""time"",""wl-pprint"",""xml""]","[""Main""]","[""Programming"",""Analysis""]"
currypp,3.1.0,The standard preprocessor of Curry,"[""base"",""abstract-curry"",""allvalues"",""cass-analysis"",""cass"",""cdbi"",""containers"",""contracts"",""currycheck"",""currypath"",""directory"",""filepath"",""fl-parser"",""flatcurry"",""frontend-exec"",""html2"",""process"",""printf"",""regexp"",""setfunctions"",""time"",""wl-pprint"",""xml""]","[""Main""]","[""Programming"",""Analysis""]"
db-pakcs,1.0.0,Old database libraries for PAKCS (deprecated),[],"[""Database"",""Dynamic"",""KeyDatabase"",""KeyDB""]","[""Database""]"
det-parse,0.0.1,Deterministic parser combinators,[],[],"[""Parsing""]"
det-parse,3.0.0,Deterministic parser combinators,"[""base""]",[],"[""Parsing""]"
dimacs,0.0.1,An interface to SAT solvers supporting DIMACS.,[],"[""Dimacs.Types"",""Dimacs.Build"",""Dimacs.Solver""]","[""Constraints"",""Verification""]"
dimacs,3.0.0,An interface to SAT solvers supporting DIMACS.,"[""base"",""io-extra"",""wl-pprint""]","[""Dimacs.Types"",""Dimacs.Build"",""Dimacs.Solver""]","[""Constraints"",""Verification""]"
directory,3.0.0,Library for accessing the directory structure of the underlying operating system.,"[""base"",""filepath"",""time""]","[""System.Directory""]","[""System""]"
distribution,3.0.0,The module in this package contains definition of constants to obtain information concerning the current distribution of the Curry compiler system.,"[""base"",""directory"",""filepath""]","[""Language.Curry.Distribution""]","[""Compiler""]"
dsdcurry,1.0.0,A tool for declarative software development,"[""abstract-curry""]",[],"[""Programming"",""Debugging""]"
easycheck,0.0.1,"Libraries for automated, property-based testing of Curry programs","[""base"",""searchtree""]","[""Test.Prop"",""Test.EasyCheck"",""Test.EasyCheck.Exec""]","[""Testing""]"
easycheck,3.0.0,"Libraries for automated, property-based testing of Curry programs","[""base"",""searchtree""]","[""Test.Prop"",""Test.EasyCheck"",""Test.EasyCheck.Exec""]","[""Testing""]"
ertools,1.0.0,Tools for dealing with database applications specified by entity-relationship diagrams,"[""abstract-curry"",""cdbi"",""flatcurry"",""graphviz"",""keydb"",""xml""]","[""Database.ERD.Goodies""]","[""Database""]"
ertools,2.0.0,Tools for dealing with database applications specified by entity-relationship diagrams,"[""abstract-curry"",""base"",""cdbi"",""currypath"",""finite-map"",""flatcurry"",""graphviz"",""keydb"",""setfunctions"",""wl-pprint"",""xml""]","[""Database.ERD.Goodies""]","[""Database""]"
ertools,3.0.0,Tools for dealing with database applications specified by entity-relationship diagrams,"[""base"",""abstract-curry"",""cdbi"",""currypath"",""directory"",""filepath"",""flatcurry"",""graphviz"",""io-extra"",""keydb"",""process"",""setfunctions"",""time"",""wl-pprint"",""xml""]","[""Database.ERD.Goodies"",""Database.ERD.Generic""]","[""Database""]"
exact-print,1.0.0,Libaries to exactly print curry-ast,"[""base"",""currypath"",""curry-ast"",""frontend-exec""]","[""Curry.Comment"",""Curry.ExactPrint"",""Curry.ExactPrintClass""]","[""Metaprogramming""]"
execpath,0.0.1,Operations related to the program execution path,"[""base""]","[""System.Path""]","[""System""]"
execpath,3.0.0,Operations related to the program execution path,"[""base"",""directory"",""filepath""]","[""System.Path""]","[""System""]"
extra,3.0.0,General utility functions,"[""base""]","[""Data.Tuple.Extra"",""Control.Monad.Extra""]","[""Programming""]"
failfree,0.0.1,A tool to verify whether a Curry program executes without failures,"[""cass-analysis"",""cass"",""flatcurry"",""flatcurry-annotated"",""showflatcurry""]",[],"[""Programming"",""Analysis"",""Verification""]"
failfree,1.0.0,A tool to verify whether a Curry program executes without failures,"[""base"",""cass-analysis"",""cass"",""contracts"",""currypath"",""execpath"",""finite-map"",""flatcurry"",""flatcurry-annotated"",""profiling"",""showflatcurry"",""wl-pprint""]",[],"[""Programming"",""Analysis"",""Verification""]"
failfree,3.0.0,A tool to verify whether a Curry program executes without failures,"[""base"",""cass-analysis"",""cass"",""containers"",""contracts"",""currypath"",""directory"",""execpath"",""filepath"",""flatcurry"",""flatcurry-annotated"",""flatcurry-type-annotated"",""io-extra"",""process"",""profiling"",""showflatcurry"",""transformers"",""wl-pprint""]",[],"[""Programming"",""Analysis"",""Verification""]"
filepath,3.0.0,"A library for FilePath manipulations, using Posix or Windows filepaths depending on the platform.","[""base""]","[""System.FilePath""]","[""System""]"
finite-map,0.0.1,Library implementing finite maps (efficient mappings from keys to values),"[""base"",""random""]","[""Data.Map"",""Data.FiniteMap""]","[""Data""]"
finite-map,3.0.0,Library implementing finite maps (efficient mappings from keys to values),"[""base"",""random""]","[""Data.FiniteMap""]","[""Data""]"
fl-parser,1.0.0,Library with functional logic parser combinators,[],"[""Parser""]","[""Parsing""]"
fl-parser,3.0.0,Library with functional logic parser combinators,"[""base""]","[""Parser""]","[""Parsing""]"
flatcurry,1.0.0,Libraries to deal with FlatCurry programs,"[""xml""]","[""FlatCurry.Compact"",""FlatCurry.Files"",""FlatCurry.FlexRigid"",""FlatCurry.Goodies"",""FlatCurry.Pretty"",""FlatCurry.Read"",""FlatCurry.Show"",""FlatCurry.Types"",""FlatCurry.XML""]","[""Metaprogramming""]"
flatcurry,2.0.0,Libraries to deal with FlatCurry programs,"[""base"",""currypath"",""frontend-exec"",""redblacktree"",""wl-pprint"",""xml""]","[""FlatCurry.Compact"",""FlatCurry.Files"",""FlatCurry.FlexRigid"",""FlatCurry.Goodies"",""FlatCurry.Pretty"",""FlatCurry.Read"",""FlatCurry.Show"",""FlatCurry.Types"",""FlatCurry.XML""]","[""Metaprogramming""]"
flatcurry,3.0.0,Libraries to deal with FlatCurry programs,"[""base"",""currypath"",""directory"",""filepath"",""frontend-exec"",""read-legacy"",""redblacktree"",""transformers"",""wl-pprint"",""xml""]","[""FlatCurry.Compact"",""FlatCurry.ElimNewtype"",""FlatCurry.Files"",""FlatCurry.FlexRigid"",""FlatCurry.Goodies"",""FlatCurry.Normalize"",""FlatCurry.Pretty"",""FlatCurry.Read"",""FlatCurry.Show"",""FlatCurry.Types"",""FlatCurry.XML""]","[""Metaprogramming""]"
flatcurry-annotated,1.0.0,"This package contain libraries to represent FlatCurry programs with arbitrary annotations. Furthermore, it contains libraries to annotate each expression occurring in a given FlatCurry program with type information.","[""flatcurry"",""rewriting""]","[""FlatCurry.Annotated.Types"",""FlatCurry.Annotated.Goodies"",""FlatCurry.Annotated.Pretty"",""FlatCurry.Annotated.TypeSubst"",""FlatCurry.Annotated.TypeInference""]","[""Metaprogramming""]"
flatcurry-annotated,2.0.0,"This package contain libraries to represent FlatCurry programs with arbitrary annotations. Furthermore, it contains libraries to annotate each expression occurring in a given FlatCurry program with type information.","[""base"",""currypath"",""finite-map"",""flatcurry"",""frontend-exec"",""rewriting"",""scc"",""wl-pprint""]","[""FlatCurry.Annotated.Types"",""FlatCurry.Annotated.Files"",""FlatCurry.Annotated.Goodies"",""FlatCurry.Annotated.Pretty"",""FlatCurry.Annotated.TypeSubst"",""FlatCurry.Annotated.TypeInference""]","[""Metaprogramming""]"
flatcurry-annotated,3.0.0,"This package contain libraries to represent FlatCurry programs with arbitrary annotations. Furthermore, it contains libraries to annotate each expression occurring in a given FlatCurry program with type information.","[""base"",""currypath"",""containers"",""extra"",""flatcurry"",""frontend-exec"",""rewriting"",""scc"",""transformers"",""wl-pprint""]","[""FlatCurry.Annotated.Types"",""FlatCurry.Annotated.Files"",""FlatCurry.Annotated.Goodies"",""FlatCurry.Annotated.Pretty"",""FlatCurry.Annotated.TypeSubst"",""FlatCurry.Annotated.TypeInference""]","[""Metaprogramming""]"
flatcurry-annotated,3.3.0,This package contain libraries to represent FlatCurry programs with arbitrary annotations.,"[""base"",""currypath"",""directory"",""filepath"",""flatcurry"",""wl-pprint""]","[""FlatCurry.Annotated.Types"",""FlatCurry.Annotated.Files"",""FlatCurry.Annotated.Goodies"",""FlatCurry.Annotated.Pretty""]","[""Metaprogramming""]"
flatcurry-compact,0.0.1,A tool to reduce the size of FlatCurry programs,"[""flatcurry""]",[],"[""Optimization""]"
flatcurry-compact,3.0.0,A tool to reduce the size of FlatCurry programs,"[""base"",""currypath"",""flatcurry"",""process""]",[],"[""Optimization""]"
flatcurry-type-annotated,3.3.0,"This package contain libraries to read and write FlatCurry programs with type annotations. Furthermore, it contains libraries to annotate each expression occurring in a given FlatCurry program with type information.","[""base"",""currypath"",""directory"",""containers"",""extra"",""filepath"",""flatcurry"",""flatcurry-annotated"",""frontend-exec"",""read-legacy"",""rewriting"",""scc"",""transformers""]","[""FlatCurry.TypeAnnotated.Files"",""FlatCurry.TypeAnnotated.TypeSubst"",""FlatCurry.TypeAnnotated.TypeInference""]","[""Metaprogramming""]"
flatcurry-type-annotated,3.4.0,"This package contain libraries to read and write FlatCurry programs with type annotations. Furthermore, it contains libraries to annotate each expression occurring in a given FlatCurry program with type information.","[""base"",""currypath"",""directory"",""containers"",""extra"",""filepath"",""flatcurry"",""flatcurry-annotated"",""frontend-exec"",""read-legacy"",""rewriting"",""scc"",""transformers""]","[""FlatCurry.TypeAnnotated.Files"",""FlatCurry.TypeAnnotated.TypeSubst"",""FlatCurry.TypeAnnotated.TypeInference""]","[""Metaprogramming""]"
flatcurry-typed,3.0.0,A libary for working wih TypedFlatCurry,"[""base"",""flatcurry"",""flatcurry-annotated"",""wl-pprint""]","[""FlatCurry.Typed.Conversion"",""FlatCurry.Typed.Files"",""FlatCurry.Typed.Goodies"",""FlatCurry.Typed.Types"",""FlatCurry.Typed.Pretty""]","[""Metaprogramming""]"
frontend-exec,0.0.1,Operations to execute the front end of the Curry system,"[""base"",""currypath"",""propertyfile""]","[""System.FrontendExec""]","[""System""]"
frontend-exec,3.0.0,Operations to execute the front end of the Curry system,"[""base"",""currypath"",""distribution"",""filepath"",""process"",""propertyfile""]","[""System.FrontendExec""]","[""System""]"
frontend-exec,3.3.0,Operations to execute the front end of the Curry system,"[""base"",""currypath"",""filepath"",""process"",""propertyfile""]","[""System.FrontendExec""]","[""System""]"
global,3.0.0,Library for handling global entities in programs,"[""base"",""process""]",[],"[""Programming""]"
global,3.1.0,Library for handling global entities in programs,"[""base"",""directory"",""process""]","[""Data.Global""]","[""Programming""]"
global,3.2.0,Library for handling global entities in programs,"[""base"",""directory"",""process""]","[""Data.Global""]","[""Programming""]"
global-variables,1.0.0,Library for handling global variables in PAKCS,[],"[""GlobalVariable""]","[""Programming""]"
global-variables,1.1.0,Library for handling global variables in PAKCS,"[""base""]","[""GlobalVariable""]","[""Programming""]"
golang,1.0.0,Libraries to represent Go programs in Curry,"[""base""]","[""Language.Go.Types"",""Language.Go.Show"",""Language.Go.ShowS""]","[""Metaprogramming""]"
graph-inductive,1.0.0,Library for inductive graphs,[],"[""GraphInductive""]","[""Data""]"
graph-inductive,2.0.0,Library for inductive graphs,"[""base"",""finite-map""]","[""Data.GraphInductive""]","[""Data""]"
graph-inductive,3.0.0,Library for inductive graphs,"[""base"",""containers""]","[""Data.GraphInductive""]","[""Data""]"
graphviz,1.0.0,Libraries to visualize graphs with Graphviz,[],"[""ShowDotGraph""]","[""Data"",""User Interface""]"
graphviz,2.0.0,Libraries to visualize graphs with Graphviz,"[""base"",""propertyfile""]","[""ShowDotGraph""]","[""Data"",""User Interface""]"
graphviz,3.0.0,Libraries to visualize graphs with Graphviz,"[""base"",""currypath"",""io-extra"",""propertyfile""]","[""Data.GraphViz""]","[""Data"",""User Interface""]"
gui,1.0.0,Libraries for programming graphical user interfaces,[],"[""GUI""]","[""User Interface""]"
gui,2.0.0,Libraries for programming graphical user interfaces,[],"[""GUI""]","[""User Interface""]"
gui,3.0.0,Libraries for programming graphical user interfaces,"[""base"",""io-extra"",""process""]","[""Graphics.UI""]","[""User Interface""]"
html,1.0.0,Libraries for HTML programming.,[],"[""HTML.CategorizedList"",""HTML.Parser"",""HTML.Styles.Bootstrap3""]","[""Web""]"
html,1.1.0,Libraries for HTML programming.,[],"[""HTML.Base"",""HTML.CgiServer"",""HTML.CategorizedList"",""HTML.LaTeX"",""HTML.Parser"",""HTML.Styles.Bootstrap3""]","[""Web""]"
html,2.0.0,Libraries for HTML programming.,[],"[""HTML.Base"",""HTML.CgiServer"",""HTML.CategorizedList"",""HTML.LaTeX"",""HTML.Parser"",""HTML.Styles.Bootstrap3""]","[""Web""]"
html,2.1.0,Libraries for HTML programming.,"[""base"",""html-cgi"",""random""]","[""HTML.Base"",""HTML.CategorizedList"",""HTML.LaTeX"",""HTML.Parser"",""HTML.Styles.Bootstrap3""]","[""Web""]"
html-cgi,0.0.1,Support for CGI programming in HTML libraries,"[""base"",""cpns""]","[""HTML.CGI""]","[""Web""]"
html2,0.0.1,Libraries for HTML programming with event-handler-based form processing,"[""base"",""abstract-curry"",""cryptohash"",""currypath"",""random""]","[""HTML.Base"",""HTML.CategorizedList"",""HTML.LaTeX"",""HTML.Parser"",""HTML.Session"",""HTML.Styles.Bootstrap3"",""HTML.Styles.Bootstrap4""]","[""Web""]"
html2,0.1.0,Libraries for HTML programming with event-handler-based form processing,"[""base"",""abstract-curry"",""cryptohash"",""currypath"",""flatcurry"",""flatcurry-annotated"",""random""]","[""HTML.Base"",""HTML.CategorizedList"",""HTML.LaTeX"",""HTML.Parser"",""HTML.Session"",""HTML.Styles.Bootstrap3"",""HTML.Styles.Bootstrap4""]","[""Web""]"
html2,1.0.0,Libraries for HTML programming with event-handler-based form processing,"[""base"",""abstract-curry"",""cryptohash"",""currypath"",""flatcurry"",""flatcurry-annotated"",""random""]","[""HTML.Base"",""HTML.CategorizedList"",""HTML.LaTeX"",""HTML.Parser"",""HTML.Session"",""HTML.Styles.Bootstrap3"",""HTML.Styles.Bootstrap4""]","[""Web""]"
html2,3.0.0,Libraries for HTML programming with event-handler-based form processing,"[""base"",""abstract-curry"",""cryptohash"",""currypath"",""directory"",""filepath"",""flatcurry"",""flatcurry-annotated"",""global"",""io-extra"",""process"",""random""]","[""HTML.Base"",""HTML.CategorizedList"",""HTML.LaTeX"",""HTML.Parser"",""HTML.Session"",""HTML.Styles.Bootstrap3"",""HTML.Styles.Bootstrap4""]","[""Web""]"
html2,3.3.0,Libraries for HTML programming with event-handler-based form processing,"[""base"",""abstract-curry"",""cryptohash"",""currypath"",""directory"",""filepath"",""flatcurry"",""flatcurry-annotated"",""flatcurry-type-annotated"",""global"",""io-extra"",""process"",""random""]","[""HTML.Base"",""HTML.CategorizedList"",""HTML.LaTeX"",""HTML.Parser"",""HTML.Session"",""HTML.Styles.Bootstrap3"",""HTML.Styles.Bootstrap4""]","[""Web""]"
html2,3.4.0,Libraries for HTML programming with event-handler-based form processing,"[""base"",""abstract-curry"",""cryptohash"",""currypath"",""directory"",""filepath"",""flatcurry"",""flatcurry-annotated"",""flatcurry-type-annotated"",""global"",""io-extra"",""process"",""random"",""time""]","[""HTML.Base"",""HTML.CategorizedList"",""HTML.LaTeX"",""HTML.Parser"",""HTML.Session"",""HTML.Styles.Bootstrap3"",""HTML.Styles.Bootstrap4""]","[""Web""]"
icurry,2.0.0,Generic intermediate format for compiling Curry to imperative languages,"[""base"",""currypath"",""flatcurry-annotated"",""frontend-exec"",""ninja""]","[""ICurry.Types"",""ICurry.Files"",""ICurry.Pretty"",""ICurry.C2I"",""ICurry.Build"",""ICurry.Extended.Types"",""ICurry.Extended.Files"",""ICurry.Extended.I2E"",""ICurry.Extended.Goodies"",""ICurry.Extended.Build""]","[""Metaprogramming""]"
icurry,3.0.0,Intermediate format for compiling Curry to imperative languages,"[""base"",""currypath"",""flatcurry"",""graphviz""]","[""ICurry.Types"",""ICurry.Files"",""ICurry.Pretty"",""ICurry.Compiler"",""ICurry.Interpreter""]","[""Metaprogramming""]"
icurry,3.0.1,Intermediate format for compiling Curry to imperative languages,"[""base"",""currypath"",""flatcurry"",""graphviz"",""transformers""]","[""ICurry.Types"",""ICurry.Files"",""ICurry.Pretty"",""ICurry.Compiler"",""ICurry.Interpreter""]","[""Metaprogramming""]"
icurry,3.1.0,Intermediate format for compiling Curry to imperative languages,"[""base"",""containers"",""currypath"",""directory"",""execpath"",""filepath"",""flatcurry"",""frontend-exec"",""graphviz"",""io-extra"",""process"",""read-legacy"",""transformers"",""wl-pprint""]","[""ICurry.Types"",""ICurry.Files"",""ICurry.Pretty"",""ICurry.Compiler"",""ICurry.Interpreter"",""ICurry.Options""]","[""Compiler"",""Metaprogramming""]"
icurry,3.2.0,Intermediate format for compiling Curry to imperative languages,"[""base"",""containers"",""currypath"",""directory"",""execpath"",""filepath"",""flatcurry"",""frontend-exec"",""graphviz"",""io-extra"",""process"",""read-legacy"",""transformers"",""wl-pprint"",""xml""]","[""ICurry.Types"",""ICurry.Files"",""ICurry.Pretty"",""ICurry.Compiler"",""ICurry.Interpreter"",""ICurry.Options""]","[""Compiler"",""Metaprogramming""]"
importusage,0.0.1,Library and tool to show the usage of imported entities of a module,"[""flatcurry""]",[],"[""Analysis""]"
importusage,1.0.0,Library and tool to show the usage of imported entities of a module,"[""base"",""currypath"",""flatcurry""]",[],"[""Analysis""]"
importusage,3.0.0,Library and tool to show the usage of imported entities of a module,"[""base"",""currypath"",""directory"",""filepath"",""flatcurry""]",[],"[""Analysis""]"
inversion,3.0.0,Utility operations to invert functions,"[""base""]","[""Data.Function.Inversion""]","[""Logic"",""Programming""]"
io-extra,3.0.0,Library with some useful extensions to the IO monad.,"[""base"",""process"",""directory""]","[""System.IOExts""]","[""IO""]"
javascript,1.0.0,Libraries to represent JavaScript programs in Curry,[],"[""JavaScript.Types"",""JavaScript.Show""]","[""Metaprogramming"",""Web""]"
javascript,2.0.0,Libraries to represent JavaScript programs in Curry,[],"[""JavaScript.Types"",""JavaScript.Show""]","[""Metaprogramming"",""Web""]"
javascript,3.0.0,Libraries to represent JavaScript programs in Curry,"[""base""]","[""Language.JavaScript.Types"",""Language.JavaScript.Show""]","[""Metaprogramming"",""Web""]"
json,0.0.2,A JSON library for Curry,"[""det-parse""]",[],[]
json,0.0.3,A JSON library for Curry,"[""det-parse""]","[""JSON.Data"",""JSON.Parser"",""JSON.Pretty""]","[""Data"",""Web""]"
json,2.0.0,A JSON library for Curry,"[""base"",""det-parse"",""wl-pprint""]","[""JSON.Data"",""JSON.Parser"",""JSON.Pretty""]","[""Data"",""Web""]"
json,3.0.0,A JSON library for Curry,"[""base"",""det-parse"",""wl-pprint""]","[""JSON.Data"",""JSON.Parser"",""JSON.Pretty""]","[""Data"",""Web""]"
julia,0.0.1,Libraries to represent Julia programs in Curry,"[""base"",""wl-pprint""]","[""Julia.Types"",""Julia.Pretty""]","[""Metaprogramming""]"
julia,3.0.0,Libraries to represent Julia programs in Curry,"[""base"",""wl-pprint""]","[""Language.Julia.Types"",""Language.Julia.Pretty""]","[""Metaprogramming""]"
keydb,1.0.0,Libraries for accessing databases via database keys,[],"[""Database.KeyDatabaseSQLite""]","[""Database""]"
keydb,2.0.0,Libraries for accessing databases via database keys,[],"[""Database.KeyDatabaseSQLite""]","[""Database""]"
keydb,3.0.0,Libraries for accessing databases via database keys,"[""base"",""global"",""io-extra"",""process""]","[""Database.KeyDatabaseSQLite""]","[""Database""]"
keydb,3.1.0,Libraries for accessing databases via database keys,"[""base"",""global"",""io-extra"",""process""]","[""Database.KeyDatabaseSQLite""]","[""Database""]"
mail-utils,1.0.0,Library with operations for sending emails.,[],"[""Mail""]","[""Web""]"
mail-utils,2.0.0,Library with operations for sending emails.,"[""base"",""execpath""]","[""Mail""]","[""Web""]"
mail-utils,3.0.0,Library with operations for sending emails.,"[""base"",""directory"",""execpath"",""filepath"",""io-extra""]","[""System.Mail""]","[""Web""]"
makefile,0.0.1,This package contains a library with datatypes to describe the structure of makefiles and a tool to generate a makefile for a Curry application.,[],[],[]
makefile,0.0.2,This package contains a library with datatypes to describe the structure of makefiles and a tool to generate a makefile for a Curry application.,[],[],[]
makefile,0.0.3,This package contains a library with datatypes to describe the structure of makefiles and a tool to generate a makefile for a Curry application.,"[""flatcurry""]",[],"[""Programming""]"
makefile,2.0.0,This package contains a library with datatypes to describe the structure of makefiles and a tool to generate a makefile for a Curry application.,"[""base"",""currypath"",""flatcurry""]",[],"[""Programming""]"
makefile,3.0.0,This package contains a library with datatypes to describe the structure of makefiles and a tool to generate a makefile for a Curry application.,"[""base"",""currypath"",""directory"",""filepath"",""flatcurry"",""process""]",[],"[""Programming""]"
markdown,1.0.0,Libraries to process markdown documents,"[""html""]","[""Markdown""]","[""Web""]"
markdown,1.1.0,Libraries to process markdown documents,"[""html""]","[""Markdown""]","[""Web""]"
markdown,2.0.0,Libraries to process markdown documents,"[""html""]","[""Markdown""]","[""Web""]"
markdown,3.0.0,Libraries to process markdown documents,"[""base"",""html""]","[""Text.Markdown""]","[""Web""]"
markdown,3.1.0,Libraries to process markdown documents,"[""base"",""html2""]","[""Text.Markdown""]","[""Web""]"
markdown,3.2.0,Libraries to process markdown documents,"[""base"",""html2""]","[""Text.Markdown""]","[""Web""]"
markdown,3.3.0,Libraries to process markdown documents,"[""base"",""html2""]","[""Text.Markdown""]","[""Documentation"",""Web""]"
ninja,1.0.0,Representation and generation of Ninja files,"[""base"",""wl-pprint""]","[""Ninja.Types"",""Ninja.Pretty""]","[""Programming""]"
ninja,3.0.0,Representation and generation of Ninja files,"[""base"",""wl-pprint""]","[""Ninja.Types"",""Ninja.Pretty""]","[""Programming""]"
nonstrictunif-optimize,0.0.1,Linearity optimizer for functional patterns,"[""flatcurry""]",[],"[""Optimization""]"
nonstrictunif-optimize,2.0.0,Linearity optimizer for functional patterns,"[""flatcurry"",""redblacktree""]",[],"[""Optimization""]"
nonstrictunif-optimize,3.0.0,Linearity optimizer for functional patterns,"[""base"",""currypath"",""directory"",""flatcurry"",""process"",""read-legacy"",""redblacktree""]",[],"[""Optimization""]"
opt-parse,0.0.3,An option parser for Curry,"[""det-parse"",""boxes""]","[""OptParse""]","[""Parsing""]"
opt-parse,3.0.0,An option parser for Curry,"[""det-parse"",""boxes"",""base""]","[""OptParse""]","[""Parsing""]"
peano,1.0.0,Library defining natural numbers in Peano representation,[],"[""Data.Nat""]","[""Data""]"
peano,1.1.0,Library defining natural numbers in Peano representation,"[""base""]","[""Data.Nat""]","[""Data""]"
peval,1.0.0,A partial evaluator for Curry,"[""flatcurry"",""flatcurry-annotated""]",[],"[""Analysis"",""Optimization""]"
peval,2.0.0,A partial evaluator for Curry,"[""base"",""ansi-terminal"",""currypath"",""flatcurry"",""flatcurry-annotated"",""profiling"",""redblacktree"",""setfunctions"",""wl-pprint""]",[],"[""Analysis"",""Optimization""]"
peval-noshare,0.0.1,A partial evaluator for Curry (without sharing),"[""base"",""currypath"",""frontend-exec"",""profiling""]",[],"[""Analysis"",""Optimization""]"
peval-noshare,0.1.0,A partial evaluator for Curry (without sharing),"[""base"",""currypath"",""frontend-exec"",""profiling""]",[],"[""Analysis"",""Optimization""]"
pflp,1.0.0,Library for Probabilistic Functional Logic Programming,[],"[""PFLP""]","[""Programming""]"
pflp,1.0.1,Library for Probabilistic Functional Logic Programming,"[""searchtree""]","[""PFLP""]","[""Programming""]"
pflp,2.0.0,Library for Probabilistic Functional Logic Programming,"[""base"",""allvalues""]","[""PFLP""]","[""Programming""]"
plural-arguments,0.0.1,A tool to implement plural arguments in a Curry program,"[""abstract-curry""]","[""Plural"",""TransformPluralArguments""]","[""Programming""]"
plural-arguments,2.0.0,A tool to implement plural arguments in a Curry program,"[""abstract-curry"",""base"",""currypath"",""frontend-exec""]","[""Plural"",""TransformPluralArguments""]","[""Logic"",""Programming""]"
plural-arguments,3.0.0,A tool to implement plural arguments in a Curry program,"[""base"",""abstract-curry"",""currypath"",""directory"",""filepath"",""frontend-exec"",""process""]","[""Plural"",""TransformPluralArguments""]","[""Logic"",""Programming""]"
ports,1.0.0,Library for distributed programming with ports,"[""base"",""cpns""]","[""Ports""]","[""Network"",""Programming""]"
ports,1.1.0,Library for distributed programming with ports,"[""base"",""cpns""]","[""Ports""]","[""Network"",""Programming""]"
ports,3.0.0,Library for distributed programming with ports,"[""base"",""cpns"",""process""]","[""Network.Ports""]","[""Network"",""Programming""]"
printf,0.0.1,Operations to format values of basic data types with formatting flags,"[""base""]","[""Data.Format""]","[""Data""]"
printf,3.0.0,Operations to format values of basic data types with formatting flags,"[""base""]","[""Data.Format""]","[""Data""]"
process,3.0.0,A library for process manipulation and information.,"[""base""]","[""System.Process""]","[""System""]"
profiling,1.0.0,Simple profiling library with operations to access run-time data,"[""base""]","[""Debug.Profile""]","[""Debugging""]"
profiling,1.1.0,Simple profiling library with operations to access run-time data,"[""base""]","[""Debug.Profile""]","[""Debugging""]"
profiling,3.0.0,Simple profiling library with operations to access run-time data,"[""base""]","[""Debug.Profile""]","[""Debugging""]"
profiling-pakcs,1.0.0,Library to access profile data of the back-end Prolog system of PAKCS,[],"[""Debug.Profile.PrologData""]","[""Debugging""]"
profiling-pakcs,1.1.0,Library to access profile data of the back-end Prolog system of PAKCS,"[""base""]","[""Debug.Profile.PrologData""]","[""Debugging""]"
prolog,1.0.0,Libraries to represent Prolog programs in Curry,[],"[""Prolog.Types"",""Prolog.Show""]","[""Metaprogramming""]"
prolog,2.0.0,Libraries to represent Prolog programs in Curry,"[""base""]","[""Prolog.Types"",""Prolog.Show""]","[""Metaprogramming""]"
prolog,3.0.0,Libraries to represent Prolog programs in Curry,"[""base""]","[""Language.Prolog.Types"",""Language.Prolog.Goodies"",""Language.Prolog.Show""]","[""Metaprogramming""]"
prolog2curry,1.0.0,A tool to transform Prolog programs to Curry programs,"[""base"",""abstract-curry"",""filepath"",""process"",""prolog"",""setfunctions""]","[""Language.Prolog.Read""]","[""Metaprogramming""]"
property-prover,1.0.0,"A tool to verify properties of Curry programs (contracts, non-failing)","[""base"",""cass-analysis"",""cass"",""containers"",""contracts"",""currypath"",""directory"",""execpath"",""filepath"",""flatcurry"",""flatcurry-annotated"",""flatcurry-type-annotated"",""frontend-exec"",""io-extra"",""process"",""profiling"",""showflatcurry"",""smtlib"",""smtlib-solver"",""transformers"",""wl-pprint""]",[],"[""Programming"",""Analysis"",""Verification""]"
property-prover,1.1.0,"A tool to verify properties of Curry programs (contracts, non-failing)","[""base"",""cass-analysis"",""cass"",""containers"",""contracts"",""currypath"",""directory"",""execpath"",""filepath"",""flatcurry"",""flatcurry-annotated"",""flatcurry-type-annotated"",""frontend-exec"",""io-extra"",""process"",""profiling"",""showflatcurry"",""smtlib"",""smtlib-solver"",""transformers"",""wl-pprint""]",[],"[""Programming"",""Analysis"",""Verification""]"
propertyfile,0.0.1,Read and update files containing properties in equational syntax,"[""base""]","[""Data.PropertyFile""]","[""Data""]"
propertyfile,3.0.0,Read and update files containing properties in equational syntax,"[""base"",""directory""]","[""Data.PropertyFile""]","[""Data""]"
queue,0.0.1,Library with double-ended queues supporting access at both ends in constant amortized time,"[""base"",""random""]","[""Data.Queue""]","[""Data""]"
queue,3.0.0,Library with double-ended queues supporting access at both ends in constant amortized time,"[""base"",""random""]","[""Data.Queue""]","[""Data""]"
random,0.0.1,Library for pseudo-random number generation,"[""base""]","[""System.Random""]","[""Programming"",""Numeric""]"
random,3.0.0,Library for pseudo-random number generation,"[""base"",""time""]","[""System.Random""]","[""Programming"",""Numeric""]"
read-legacy,3.0.0,A library for reading and writing from or to strings.,"[""base""]","[""ReadShowTerm""]","[""Data""]"
redblacktree,0.0.1,Libraries implementing red-black trees for tables and sets,"[""base"",""random""]","[""Data.RedBlackTree"",""Data.Set.RBTree"",""Data.Table.RBTree""]","[""Data""]"
redblacktree,3.0.0,Libraries implementing red-black trees for tables and sets,"[""base"",""random""]","[""Data.RedBlackTree"",""Data.Set.RBTree"",""Data.Table.RBTree""]","[""Data""]"
regexp,1.0.0,This package contains a library which specifies the semantics of regular expressions and regular expression matching in a high-level manner via non-deterministic operations. This library might be useful as an oracle to test more efficient regular expression matchers.,[],"[""RegExpSem""]","[""Parsing""]"
regexp,1.1.0,"This package contains a library which specifies the semantics of regular expressions and regular expression matching in a high-level manner via non-deterministic operations. This library might be useful as an oracle to test more efficient regular expression matchers. Furthermore, there is also a library which is used by the Curry preprocessor to translate regular expression in POSIX syntax occurring as integrated code in Curry programs.",[],"[""RegExpSem"",""RegExp""]","[""Parsing""]"
regexp,3.0.0,"This package contains a library which specifies the semantics of regular expressions and regular expression matching in a high-level manner via non-deterministic operations. This library might be useful as an oracle to test more efficient regular expression matchers. Furthermore, there is also a library which is used by the Curry preprocessor to translate regular expression in POSIX syntax occurring as integrated code in Curry programs.","[""base""]","[""RegExpSem"",""RegExp""]","[""Parsing""]"
regexp,4.0.0,"This package contains a library which specifies the semantics of regular expressions and regular expression matching in a high-level manner via non-deterministic operations. This library might be useful as an oracle to test more efficient regular expression matchers. Furthermore, there is also a library which is used by the Curry preprocessor to translate regular expression in POSIX syntax occurring as integrated code in Curry programs.","[""base"",""allvalues""]","[""RegExpSem"",""RegExp"",""RegExpEff""]","[""Parsing""]"
residuation-analysis,0.0.1,Analyzing the residuation behavior of Curry programs,"[""cass"",""cass-analysis"",""csv"",""currypath"",""flatcurry""]",[],"[""Analysis""]"
residuation-analysis,3.0.0,Analyzing the residuation behavior of Curry programs,"[""base"",""cass"",""cass-analysis"",""csv"",""currypath"",""directory"",""filepath"",""flatcurry"",""process""]",[],"[""Analysis""]"
rewriting,0.0.1,"These libraries provide a representation of first-order terms and various notions of term rewriting, like position, substitution, unification, critical pairs, etc. Moreover, it defines also operations for rewriting and narrowing strategies and a representation of definitional trees. A previous version of these libraries were part of the PAKCS/KiCS2 distributions.","[""abstract-curry""]","[""Rewriting.CriticalPairs"",""Rewriting.Narrowing"",""Rewriting.Strategy"",""Rewriting.Unification"",""Rewriting.DefinitionalTree"",""Rewriting.Position"",""Rewriting.Substitution"",""Rewriting.UnificationSpec"",""Rewriting.Files"",""Rewriting.Rules"",""Rewriting.Term""]","[""Rewriting"",""Narrowing""]"
rewriting,2.0.0,"These libraries provide a representation of first-order terms and various notions of term rewriting, like position, substitution, unification, critical pairs, etc. Moreover, it defines also operations for rewriting and narrowing strategies and a representation of definitional trees. A previous version of these libraries were part of the PAKCS/KiCS2 distributions.","[""base"",""abstract-curry"",""finite-map""]","[""Rewriting.CriticalPairs"",""Rewriting.Narrowing"",""Rewriting.Strategy"",""Rewriting.Unification"",""Rewriting.DefinitionalTree"",""Rewriting.Position"",""Rewriting.Substitution"",""Rewriting.UnificationSpec"",""Rewriting.Files"",""Rewriting.Rules"",""Rewriting.Term""]","[""Rewriting"",""Narrowing""]"
rewriting,2.1.0,"This package provides a representation of first-order terms and various notions of term rewriting, like positions, substitution, unification, critical pairs, etc. Moreover, it defines also operations for rewriting and narrowing strategies and a representation of definitional trees. A previous version of the contained libraries was part of the KiCS2/PAKCS distributions.","[""abstract-curry"",""base"",""finite-map""]","[""Rewriting.CriticalPairs"",""Rewriting.DefinitionalTree"",""Rewriting.Files"",""Rewriting.Narrowing"",""Rewriting.Position"",""Rewriting.Rules"",""Rewriting.Strategy"",""Rewriting.Substitution"",""Rewriting.Term"",""Rewriting.Unification"",""Rewriting.UnificationSpec""]","[""Narrowing"",""Rewriting"",""Substitution"",""Unification""]"
rewriting,3.0.0,"This package provides a representation of first-order terms and various notions of term rewriting, like position, substitution, unification, critical pairs, etc. Moreover, it defines also operations for rewriting and narrowing strategies and a representation of definitional trees. A previous version of the contained libraries was part of the PAKCS/KiCS2 distributions.","[""base"",""abstract-curry"",""containers"",""transformers""]","[""Rewriting.CriticalPairs"",""Rewriting.Narrowing"",""Rewriting.Strategy"",""Rewriting.Unification"",""Rewriting.DefinitionalTree"",""Rewriting.Position"",""Rewriting.Substitution"",""Rewriting.UnificationSpec"",""Rewriting.Files"",""Rewriting.Rules"",""Rewriting.Term""]","[""Rewriting"",""Narrowing""]"
roman,0.0.1,This library provides conversion operations from integers to roman numbers and back.,[],"[""Roman""]","[""Data""]"
roman,2.0.0,This library provides conversion operations from integers to roman numbers and back.,"[""base""]","[""Data.Roman""]","[""Data""]"
runcurry,0.0.1,Implementation of a command to run Curry programs directly,[],[],"[""Programming""]"
runcurry,1.0.0,Implementation of a command to run Curry programs directly,"[""base"",""currypath""]",[],"[""Programming""]"
runcurry,3.0.0,Implementation of a command to run Curry programs directly,"[""base"",""currypath"",""directory"",""filepath"",""process""]",[],"[""Programming""]"
scc,0.0.1,Computing strongly connected components,"[""base"",""redblacktree""]","[""Data.SCC""]","[""Data""]"
scc,3.0.0,Computing strongly connected components,"[""base"",""redblacktree""]","[""Data.SCC""]","[""Data""]"
searchtree,1.0.0,Libraries with operations to strongly encapsulated non-deterministic computations as a search tree or list,"[""base"",""random""]","[""Control.SearchTree"",""Control.SearchTree.Generators"",""Control.SearchTree.Traversal"",""Control.AllSolutions"",""Control.Findall"",""Control.ValueSequence""]","[""Logic"",""Programming""]"
searchtree,1.1.0,Libraries with operations to strongly encapsulated non-deterministic computations as a search tree or list,"[""base"",""random""]","[""Control.SearchTree"",""Control.SearchTree.Generators"",""Control.SearchTree.Traversal"",""Control.AllSolutions"",""Control.Findall"",""Control.ValueSequence""]","[""Logic"",""Programming""]"
searchtree,3.0.0,Libraries with operations to strongly encapsulated non-deterministic computations as a search tree or list,"[""base"",""random""]","[""Control.SearchTree"",""Control.SearchTree.Generators"",""Control.SearchTree.Traversal"",""Control.AllSolutions"",""Control.Findall"",""Control.ValueSequence""]","[""Logic"",""Programming""]"
searchtree-unsafe,1.0.0,Library to represent strongly encapsulated non-deterministic computations as a search tree where local unbound variables remain free,"[""base"",""searchtree""]","[""Control.SearchTree.Unsafe""]","[""Logic"",""Programming""]"
setfunction-synthesis,0.0.1,Prototype implementation of synthesizing set functions,"[""abstract-curry"",""currypath"",""finite-map"",""flatcurry"",""flatcurry-annotated"",""searchtree""]",[],"[""Logic"",""Programming""]"
setfunctions,0.0.1,Implementation of set functions to encapsulate non-deterministic computations in a strategy independent manner,"[""base"",""searchtree""]","[""Control.SetFunctions""]","[""Logic"",""Programming""]"
setfunctions,3.0.0,Implementation of set functions to encapsulate non-deterministic computations in a strategy independent manner,"[""base"",""allvalues"",""searchtree""]","[""Control.SetFunctions""]","[""Logic"",""Programming""]"
showflatcurry,0.0.1,Library and tool to show FlatCurry programs in human-readable (Curry-like) form,"[""flatcurry""]",[],"[""Programming"",""Metaprogramming""]"
showflatcurry,1.0.0,Library and tool to show FlatCurry programs in human-readable (Curry-like) form,"[""base"",""currypath"",""flatcurry"",""wl-pprint""]",[],"[""Programming"",""Metaprogramming""]"
showflatcurry,3.0.0,Library and tool to show FlatCurry programs in human-readable (Curry-like) form,"[""base"",""currypath"",""directory"",""filepath"",""flatcurry"",""process"",""wl-pprint""]","[""FlatCurry.ShowIntMod""]","[""Programming"",""Metaprogramming""]"
smtlib,0.0.1,This package includes libraries to represent SMT-LIB scripts in Curry. It provides an abstract representation of the SMT-LIB standard v2.6 as well as libraries for parsing and pretty printing.,"[""base"",""finite-map"",""wl-pprint""]","[""Language.SMTLIB"",""Language.SMTLIB.Files"",""Language.SMTLIB.Goodies"",""Language.SMTLIB.Parser"",""Language.SMTLIB.Pretty"",""Language.SMTLIB.Scanner"",""Language.SMTLIB.Types""]","[""Verification""]"
smtlib,3.0.0,This package includes libraries to represent SMT-LIB scripts in Curry. It provides an abstract representation of the SMT-LIB standard v2.6 as well as libraries for parsing and pretty printing.,"[""base"",""containers"",""directory"",""filepath"",""time"",""wl-pprint""]","[""Language.SMTLIB"",""Language.SMTLIB.Files"",""Language.SMTLIB.Goodies"",""Language.SMTLIB.Parser"",""Language.SMTLIB.Pretty"",""Language.SMTLIB.Scanner"",""Language.SMTLIB.Types""]","[""Verification""]"
smtlib-solver,0.0.1,This package provides general operations for an interactive communication with SMT solvers via stdin and stdout.,"[""base"",""smtlib"",""wl-pprint""]","[""Solver.SMTLIB.Z3""]","[""Verification""]"
smtlib-solver,3.0.0,This package provides general operations for an interactive communication with SMT solvers via stdin and stdout.,"[""base"",""smtlib"",""wl-pprint"",""io-extra"",""extra""]","[""Solver.SMTLIB.Z3""]","[""Verification""]"
socket,0.0.1,Library for programming with sockets,"[""base""]","[""Network.Socket""]","[""Network""]"
socket,0.1.0,Library for programming with sockets,"[""base""]","[""Network.Socket""]","[""Network""]"
socket,3.0.0,Library for programming with sockets,"[""base""]","[""Network.Socket""]","[""Network""]"
sourceproggui,0.0.1,A simple GUI for highlighting functions in the source text of a Curry module.,"[""flatcurry"",""gui""]",[],"[""Programming""]"
sourceproggui,1.0.0,A simple GUI for highlighting functions in the source text of a Curry module.,"[""base"",""currypath"",""flatcurry"",""gui""]",[],"[""Programming""]"
sourceproggui,3.0.0,A simple GUI for highlighting functions in the source text of a Curry module.,"[""base"",""currypath"",""flatcurry"",""gui""]",[],"[""Programming""]"
spicey,1.0.0,A web application framework for Curry,"[""ertools""]",[],"[""Web"",""Database""]"
spicey,1.1.0,A web application framework for Curry,"[""abstract-curry"",""ertools""]",[],"[""Web"",""Database""]"
spicey,2.0.0,A web application framework for Curry,"[""ertools""]",[],"[""Web"",""Database""]"
spicey,2.1.0,A web application framework for Curry,"[""abstract-curry"",""ertools""]",[],"[""Web"",""Database""]"
spicey,3.0.0,A web application framework for Curry,"[""base"",""abstract-curry"",""ertools""]",[],"[""Web"",""Database""]"
spicey,3.1.0,A web application framework for Curry,"[""base"",""abstract-curry"",""ertools""]",[],"[""Web"",""Database""]"
spicey,3.2.0,A web application framework for Curry,"[""base"",""abstract-curry"",""ertools""]",[],"[""Web"",""Database""]"
spicey,3.3.0,A web application framework for Curry,"[""base"",""abstract-curry"",""ertools""]",[],"[""Web"",""Database""]"
spicey,3.4.0,A web application framework for Curry,"[""base"",""abstract-curry"",""ertools""]",[],"[""Web"",""Database""]"
spicey,4.0.0,A web application framework for Curry,"[""base"",""abstract-curry"",""cdbi"",""directory"",""ertools"",""filepath"",""process"",""time""]",[],"[""Web"",""Database""]"
stylechecker,1.0.0,A tool to check the formatting style of Curry programs,"[""base"",""curry-ast"",""currypath"",""json"",""wl-pprint""]",[],"[""Analysis""]"
stylechecker,1.1.0,A tool to check the formatting style of Curry programs,"[""base"",""curry-ast"",""currypath"",""json"",""wl-pprint""]",[],"[""Analysis""]"
time,3.0.0,Library for handling date and time information.,"[""base""]","[""Data.Time""]","[""Data""]"
transbooleq,0.2.0,A transformation tool to replace Boolean equalities by equational constraints,"[""cass-analysis"",""cass"",""flatcurry""]",[],"[""Analysis"",""Optimization""]"
transbooleq,2.0.0,A transformation tool to replace Boolean equalities by equational constraints,"[""base"",""cass-analysis"",""cass"",""csv"",""currypath"",""flatcurry""]",[],"[""Analysis"",""Optimization""]"
transbooleq,3.0.0,A transformation tool to replace Boolean equalities by equational constraints,"[""base"",""cass-analysis"",""cass"",""csv"",""flatcurry""]",[],"[""Analysis"",""Optimization""]"
transbooleq,3.1.0,A transformation tool to replace Boolean equalities by equational constraints,"[""base"",""cass-analysis"",""cass"",""csv"",""currypath"",""directory"",""filepath"",""flatcurry"",""process""]",[],"[""Analysis"",""Optimization""]"
transformers,2.0.0,"A portable library of functor and monad transformers, inspired by https://hackage.haskell.org/package/transformers","[""base""]","[""Data.Functor.Identity"",""Control.Monad.IO.Class"",""Control.Monad.Trans.Class"",""Control.Monad.Trans.Cont"",""Control.Monad.Trans.Except"",""Control.Monad.Trans.Maybe"",""Control.Monad.Trans.State""]","[""Control""]"
transformers,3.0.0,"A portable library of functor and monad transformers, inspired by https://hackage.haskell.org/package/transformers","[""base""]","[""Control.Monad.IO.Class"",""Control.Monad.Trans.Class"",""Control.Monad.Trans.Cont"",""Control.Monad.Trans.Except"",""Control.Monad.Trans.Maybe"",""Control.Monad.Trans.Reader"",""Control.Monad.Trans.State"",""Control.Monad.Trans.Writer""]","[""Control""]"
traversal,1.0.0,Library to support lightweight generic traversals through tree-structured data,"[""base""]","[""Data.Traversal""]","[""Data""]"
traversal,3.0.0,Library to support lightweight generic traversals through tree-structured data,"[""base""]","[""Data.Traversal""]","[""Data""]"
ui,1.0.0,"This package contains a collection of libraries to implement graphical user interfaces as well as web-based user interfaces from declarative descriptions. Exploiting these libraries, it is possible to define the structure and functionality of a user interface independent from the concrete technology. Thus, a graphical user interface or a web-based user interface can be generated from the same description by simply changing the name of the imported libraries.","[""gui""]","[""UI"",""UI2GUI"",""UI2HTML"",""GUI2HTML"",""TypedUI2GUI"",""TypedUI2HTML""]","[""User Interface""]"
ui,2.0.0,"This package contains a collection of libraries to implement graphical user interfaces as well as web-based user interfaces from declarative descriptions. Exploiting these libraries, it is possible to define the structure and functionality of a user interface independent from the concrete technology. Thus, a graphical user interface or a web-based user interface can be generated from the same description by simply changing the name of the imported libraries.","[""base"",""cpns"",""gui"",""random"",""traversal""]","[""UI"",""UI2GUI"",""UI2HTML"",""GUI2HTML"",""TypedUI2GUI"",""TypedUI2HTML""]","[""User Interface""]"
url,1.0.0,Library for dealing with URLs,"[""base""]","[""System.URL""]","[""Web""]"
url,3.0.0,Library for dealing with URLs,"[""base"",""directory"",""io-extra"",""process""]","[""System.URL""]","[""Web""]"
verify,0.0.1,A tool to support the verification of Curry programs,"[""cass-analysis"",""cass"",""currycheck""]","[""ToVerifier"",""VerifyOptions"",""ToAgda""]","[""Verification""]"
verify,0.0.2,A tool to support the verification of Curry programs,"[""abstract-curry"",""cass-analysis"",""cass"",""currycheck"",""rewriting""]","[""ToVerifier"",""VerifyOptions"",""ToAgda""]","[""Verification""]"
verify,2.0.0,A tool to support the verification of Curry programs,"[""base"",""abstract-curry"",""cass-analysis"",""cass"",""currycheck"",""peano"",""rewriting"",""scc""]","[""ToVerifier"",""VerifyOptions"",""ToAgda""]","[""Verification""]"
verify,3.0.0,A tool to support the verification of Curry programs,"[""base"",""abstract-curry"",""cass-analysis"",""cass"",""currycheck"",""currypath"",""directory"",""filepath"",""peano"",""process"",""rewriting"",""scc"",""time""]","[""ToVerifier"",""VerifyOptions"",""ToAgda""]","[""Verification""]"
wl-pprint,0.0.1,This package includes a library providing general combinators for pretty printing. The interface is inspired by Daan Leijen's pretty printing library for Haskell and the linear-time bounded implementation is based on an approach by Olaf Chitil.,"[""base"",""queue""]","[""Text.Pretty""]","[""Printing""]"
wl-pprint,3.0.0,This package includes a library providing general combinators for pretty printing. The interface is inspired by Daan Leijen's pretty printing library for Haskell and the linear-time bounded implementation is based on an approach by Olaf Chitil.,"[""base"",""queue""]","[""Text.Pretty""]","[""Printing""]"
wui,1.0.0,Libraries to support the type-oriented construction of web user interfaces,"[""javascript""]","[""WUI"",""WUIjs""]","[""User Interface"",""Web""]"
wui,1.1.0,Libraries to support the type-oriented construction of web user interfaces,"[""html"",""javascript""]","[""WUI"",""WUIjs""]","[""User Interface"",""Web""]"
wui,2.0.0,Libraries to support the type-oriented construction of web user interfaces,"[""base"",""html"",""javascript""]","[""WUI"",""WUIjs""]","[""User Interface"",""Web""]"
wui2,0.0.1,Libraries to support the type-oriented construction of web user interfaces based on the html2 package,"[""base"",""html2""]","[""HTML.WUI""]","[""User Interface"",""Web""]"
wui2,1.0.0,Libraries to support the type-oriented construction of web user interfaces based on the html2 package,"[""base"",""html2""]","[""HTML.WUI""]","[""User Interface"",""Web""]"
wui2,3.0.0,Libraries to support the type-oriented construction of web user interfaces based on the html2 package,"[""base"",""global"",""html2"",""inversion"",""time""]","[""HTML.WUI""]","[""User Interface"",""Web""]"
wui2,3.1.0,Libraries to support the type-oriented construction of web user interfaces based on the html2 package,"[""base"",""html2"",""inversion"",""time""]","[""HTML.WUI""]","[""User Interface"",""Web""]"
xml,0.0.1,"This package contains libraries for processing XML data, like reading and writing XML files, converting, or querying XML documents.",[],"[""XML"",""XmlConv"",""XCuery""]","[""Data"",""Web""]"
xml,2.0.0,"This package contains libraries for processing XML data, like reading and writing XML files, converting, or querying XML documents.","[""base""]","[""XML"",""XmlConv"",""XCuery""]","[""Data"",""Web""]"
xml,3.0.0,"This package contains libraries for processing XML data, like reading and writing XML files, converting, or querying XML documents.","[""base""]","[""XML"",""XmlConv"",""XCuery""]","[""Data"",""Web""]"
xmldata,0.0.1,This package contains a tool with generates for a given Curry module a new Curry module containing conversion functions from and to an XML representation for all data types declared in this module.,"[""abstract-curry"",""flatcurry"",""xml""]",[],"[""Data"",""Web""]"
xmldata,2.0.0,This package contains a tool with generates for a given Curry module a new Curry module containing conversion functions from and to an XML representation for all data types declared in this module.,"[""abstract-curry"",""base"",""currypath"",""flatcurry"",""xml""]",[],"[""Data"",""Web""]"
xmldata,3.0.0,This package contains a tool with generates for a given Curry module a new Curry module containing conversion functions from and to an XML representation for all data types declared in this module.,"[""base"",""abstract-curry"",""currypath"",""directory"",""filepath"",""flatcurry"",""process"",""xml""]",[],"[""Data"",""Web""]"
